timestamp_ns,event_type,side,price,quantity,order_id,symbol
1790707503682000000,ADD,BUY,83666.0,243,5000000001,BTCUSDT
1790707503682000000,ADD,BUY,83665.99,46,5000000002,BTCUSDT
1790707503682000000,ADD,BUY,83665.98,1,5000000003,BTCUSDT
1790707503682000000,ADD,BUY,83665.84,1,5000000004,BTCUSDT
1790707503682000000,ADD,BUY,83665.83,1,5000000005,BTCUSDT
1790707503682000000,ADD,BUY,83664.68,1,5000000006,BTCUSDT
1790707503682000000,ADD,BUY,83664.67,13,5000000007,BTCUSDT
1790707503682000000,ADD,BUY,83664.66,2,5000000008,BTCUSDT
1790707503682000000,ADD,BUY,83664.64,1,5000000009,BTCUSDT
1790707503682000000,ADD,BUY,83664.54,1,5000000010,BTCUSDT
1790707503682000000,ADD,BUY,83664.02,1,5000000011,BTCUSDT
1790707503682000000,ADD,BUY,83664.01,30,5000000012,BTCUSDT
1790707503682000000,ADD,BUY,83664.0,6,5000000013,BTCUSDT
1790707503682000000,ADD,BUY,83663.59,3,5000000014,BTCUSDT
1790707503682000000,ADD,BUY,83663.32,2,5000000015,BTCUSDT
1790707503682000000,ADD,BUY,83663.26,1,5000000016,BTCUSDT
1790707503682000000,ADD,BUY,83663.19,1,5000000017,BTCUSDT
1790707503682000000,ADD,BUY,83663.13,3,5000000018,BTCUSDT
1790707503682000000,ADD,BUY,83662.78,2,5000000019,BTCUSDT
1790707503682000000,ADD,BUY,83662.04,1,5000000020,BTCUSDT
1790707503682000000,ADD,BUY,83662.03,42,5000000021,BTCUSDT
1790707503682000000,ADD,BUY,83662.02,62,5000000022,BTCUSDT
1790707503682000000,ADD,BUY,83662.01,1,5000000023,BTCUSDT
1790707503682000000,ADD,BUY,83662.0,74,5000000024,BTCUSDT
1790707503682000000,ADD,BUY,83661.98,2,5000000025,BTCUSDT
1790707503682000000,ADD,BUY,83661.95,1,5000000026,BTCUSDT
1790707503682000000,ADD,BUY,83661.82,1,5000000027,BTCUSDT
1790707503682000000,ADD,BUY,83661.6,1,5000000028,BTCUSDT
1790707503682000000,ADD,BUY,83660.78,1,5000000029,BTCUSDT
1790707503682000000,ADD,BUY,83660.38,1,5000000030,BTCUSDT
1790707503682000000,ADD,BUY,83660.37,1,5000000031,BTCUSDT
1790707503682000000,ADD,BUY,83660.02,1,5000000032,BTCUSDT
1790707503682000000,ADD,BUY,83660.0,11,5000000033,BTCUSDT
1790707503682000000,ADD,BUY,83659.98,1,5000000034,BTCUSDT
1790707503682000000,ADD,BUY,83659.2,1,5000000035,BTCUSDT
1790707503682000000,ADD,BUY,83658.89,1,5000000036,BTCUSDT
1790707503682000000,ADD,BUY,83658.78,32,5000000037,BTCUSDT
1790707503682000000,ADD,BUY,83658.68,1,5000000038,BTCUSDT
1790707503682000000,ADD,BUY,83658.46,4,5000000039,BTCUSDT
1790707503682000000,ADD,BUY,83658.31,1,5000000040,BTCUSDT
1790707503682000000,ADD,BUY,83658.3,12,5000000041,BTCUSDT
1790707503682000000,ADD,BUY,83658.04,1,5000000042,BTCUSDT
1790707503682000000,ADD,BUY,83658.03,33,5000000043,BTCUSDT
1790707503682000000,ADD,BUY,83658.02,30,5000000044,BTCUSDT
1790707503682000000,ADD,BUY,83658.0,14,5000000045,BTCUSDT
1790707503682000000,ADD,BUY,83657.64,3,5000000046,BTCUSDT
1790707503682000000,ADD,BUY,83657.63,1,5000000047,BTCUSDT
1790707503682000000,ADD,BUY,83657.48,2,5000000048,BTCUSDT
1790707503682000000,ADD,BUY,83656.8,1,5000000049,BTCUSDT
1790707503682000000,ADD,BUY,83656.77,1,5000000050,BTCUSDT
1790707503682000000,ADD,SELL,83666.01,77,5000000051,BTCUSDT
1790707503682000000,ADD,SELL,83666.02,1,5000000052,BTCUSDT
1790707503682000000,ADD,SELL,83666.03,1,5000000053,BTCUSDT
1790707503682000000,ADD,SELL,83667.5,1,5000000054,BTCUSDT
1790707503682000000,ADD,SELL,83667.51,1,5000000055,BTCUSDT
1790707503682000000,ADD,SELL,83667.99,1,5000000056,BTCUSDT
1790707503682000000,ADD,SELL,83668.0,3,5000000057,BTCUSDT
1790707503682000000,ADD,SELL,83668.01,3,5000000058,BTCUSDT
1790707503682000000,ADD,SELL,83669.24,1,5000000059,BTCUSDT
1790707503682000000,ADD,SELL,83669.25,1,5000000060,BTCUSDT
1790707503682000000,ADD,SELL,83669.63,1,5000000061,BTCUSDT
1790707503682000000,ADD,SELL,83669.99,1,5000000062,BTCUSDT
1790707503682000000,ADD,SELL,83670.0,7,5000000063,BTCUSDT
1790707503682000000,ADD,SELL,83670.01,3,5000000064,BTCUSDT
1790707503682000000,ADD,SELL,83670.17,1,5000000065,BTCUSDT
1790707503682000000,ADD,SELL,83670.59,1,5000000066,BTCUSDT
1790707503682000000,ADD,SELL,83670.73,1,5000000067,BTCUSDT
1790707503682000000,ADD,SELL,83670.95,1,5000000068,BTCUSDT
1790707503682000000,ADD,SELL,83671.4,1,5000000069,BTCUSDT
1790707503682000000,ADD,SELL,83671.41,7,5000000070,BTCUSDT
1790707503682000000,ADD,SELL,83671.51,1,5000000071,BTCUSDT
1790707503682000000,ADD,SELL,83671.59,1,5000000072,BTCUSDT
1790707503682000000,ADD,SELL,83671.63,1,5000000073,BTCUSDT
1790707503682000000,ADD,SELL,83671.69,1,5000000074,BTCUSDT
1790707503682000000,ADD,SELL,83672.0,1,5000000075,BTCUSDT
1790707503682000000,ADD,SELL,83672.01,3,5000000076,BTCUSDT
1790707503682000000,ADD,SELL,83672.37,1,5000000077,BTCUSDT
1790707503682000000,ADD,SELL,83672.45,1,5000000078,BTCUSDT
1790707503682000000,ADD,SELL,83672.69,1,5000000079,BTCUSDT
1790707503682000000,ADD,SELL,83672.73,1,5000000080,BTCUSDT
1790707503682000000,ADD,SELL,83672.75,1,5000000081,BTCUSDT
1790707503682000000,ADD,SELL,83672.76,6,5000000082,BTCUSDT
1790707503682000000,ADD,SELL,83672.81,1,5000000083,BTCUSDT
1790707503682000000,ADD,SELL,83672.85,1,5000000084,BTCUSDT
1790707503682000000,ADD,SELL,83673.04,1,5000000085,BTCUSDT
1790707503682000000,ADD,SELL,83673.39,1,5000000086,BTCUSDT
1790707503682000000,ADD,SELL,83673.42,1,5000000087,BTCUSDT
1790707503682000000,ADD,SELL,83673.52,1,5000000088,BTCUSDT
1790707503682000000,ADD,SELL,83673.53,4,5000000089,BTCUSDT
1790707503682000000,ADD,SELL,83673.74,1,5000000090,BTCUSDT
1790707503682000000,ADD,SELL,83673.99,1,5000000091,BTCUSDT
1790707503682000000,ADD,SELL,83674.0,7,5000000092,BTCUSDT
1790707503682000000,ADD,SELL,83674.01,3,5000000093,BTCUSDT
1790707503682000000,ADD,SELL,83674.19,1,5000000094,BTCUSDT
1790707503682000000,ADD,SELL,83674.26,1,5000000095,BTCUSDT
1790707503682000000,ADD,SELL,83674.38,1,5000000096,BTCUSDT
1790707503682000000,ADD,SELL,83674.5,1,5000000097,BTCUSDT
1790707503682000000,ADD,SELL,83674.97,81,5000000098,BTCUSDT
1790707503682000000,ADD,SELL,83674.98,179,5000000099,BTCUSDT
1790707503682000000,ADD,SELL,83675.01,35,5000000100,BTCUSDT
1790707503683000000,TRADE,SELL,83632.0,3,6722971583,BTCUSDT
1790707503683000000,TRADE,SELL,83632.0,1,6722971584,BTCUSDT
1790707503683000000,TRADE,SELL,83632.0,1,6722971585,BTCUSDT
1790707503683000000,TRADE,SELL,83632.0,1,6722971586,BTCUSDT
1790707503683000000,TRADE,SELL,83632.0,1,6722971587,BTCUSDT
1790707503811000000,TRADE,BUY,83632.01,1,6722971588,BTCUSDT
1790707504959000000,TRADE,SELL,83632.0,1,6722971589,BTCUSDT
1790707505186000000,TRADE,SELL,83632.0,1,6722971590,BTCUSDT
1790707505387000000,TRADE,SELL,83632.0,1,6722971591,BTCUSDT
1790707505424000000,TRADE,SELL,83632.0,1,6722971592,BTCUSDT
1790707505681000000,TRADE,BUY,83632.01,1,6722971593,BTCUSDT
1790707506209000000,TRADE,BUY,83632.01,1,6722971594,BTCUSDT
1790707506607000000,TRADE,SELL,83632.0,1,6722971595,BTCUSDT
1790707506705000000,TRADE,BUY,83632.01,4,6722971596,BTCUSDT
1790707506988000000,TRADE,BUY,83632.01,1,6722971597,BTCUSDT
1790707507556000000,TRADE,SELL,83632.0,1,6722971598,BTCUSDT
1790707507658000000,TRADE,SELL,83632.0,6,6722971599,BTCUSDT
1790707507769000000,TRADE,SELL,83632.0,1,6722971600,BTCUSDT
1790707507824000000,TRADE,SELL,83632.0,1,6722971601,BTCUSDT
1790707507839000000,TRADE,SELL,83632.0,1,6722971602,BTCUSDT
1790707508062000000,TRADE,SELL,83632.0,1,6722971603,BTCUSDT
1790707508062000000,TRADE,BUY,83632.01,1,6722971604,BTCUSDT
1790707508254000000,TRADE,SELL,83632.0,1,6722971605,BTCUSDT
1790707508616000000,TRADE,BUY,83632.01,1,6722971606,BTCUSDT
1790707509202000000,TRADE,SELL,83632.0,1,6722971607,BTCUSDT
1790707510750000000,TRADE,SELL,83632.0,1,6722971608,BTCUSDT
1790707511167000000,TRADE,SELL,83632.0,1,6722971609,BTCUSDT
1790707511167000000,TRADE,SELL,83632.0,1,6722971610,BTCUSDT
1790707511167000000,TRADE,SELL,83632.0,1,6722971611,BTCUSDT
1790707511167000000,TRADE,SELL,83632.0,1,6722971612,BTCUSDT
1790707511167000000,TRADE,SELL,83632.0,1,6722971613,BTCUSDT
1790707511167000000,TRADE,SELL,83632.0,1,6722971614,BTCUSDT
1790707511167000000,TRADE,SELL,83632.0,1,6722971615,BTCUSDT
1790707511167000000,TRADE,SELL,83632.0,1,6722971616,BTCUSDT
1790707511167000000,TRADE,SELL,83632.0,12,6722971617,BTCUSDT
1790707511167000000,TRADE,SELL,83632.0,1,6722971618,BTCUSDT
1790707511167000000,TRADE,SELL,83632.0,36,6722971619,BTCUSDT
1790707511167000000,TRADE,SELL,83632.0,1,6722971620,BTCUSDT
1790707511167000000,TRADE,SELL,83632.0,1,6722971621,BTCUSDT
1790707511167000000,TRADE,SELL,83632.0,4,6722971622,BTCUSDT
1790707511167000000,TRADE,SELL,83632.0,1,6722971623,BTCUSDT
1790707511167000000,TRADE,SELL,83632.0,1,6722971624,BTCUSDT
1790707511167000000,TRADE,SELL,83632.0,2,6722971625,BTCUSDT
1790707511167000000,TRADE,SELL,83632.0,1,6722971626,BTCUSDT
1790707511167000000,TRADE,SELL,83632.0,7,6722971627,BTCUSDT
1790707511180000000,TRADE,SELL,83632.0,1,6722971628,BTCUSDT
1790707511180000000,TRADE,SELL,83632.0,1,6722971629,BTCUSDT
1790707511231000000,TRADE,SELL,83632.0,1,6722971630,BTCUSDT
1790707511231000000,TRADE,SELL,83632.0,1,6722971631,BTCUSDT
1790707511231000000,TRADE,SELL,83632.0,1,6722971632,BTCUSDT
1790707511231000000,TRADE,SELL,83632.0,1,6722971633,BTCUSDT
1790707511231000000,TRADE,SELL,83632.0,1,6722971634,BTCUSDT
1790707511231000000,TRADE,SELL,83632.0,1,6722971635,BTCUSDT
1790707511231000000,TRADE,SELL,83632.0,1,6722971636,BTCUSDT
1790707511231000000,TRADE,SELL,83632.0,1,6722971637,BTCUSDT
1790707511231000000,TRADE,SELL,83632.0,1,6722971638,BTCUSDT
1790707511231000000,TRADE,SELL,83632.0,1,6722971639,BTCUSDT
1790707511231000000,TRADE,SELL,83632.0,1,6722971640,BTCUSDT
1790707511231000000,TRADE,SELL,83632.0,1,6722971641,BTCUSDT
1790707511231000000,TRADE,SELL,83632.0,1,6722971642,BTCUSDT
1790707511231000000,TRADE,SELL,83632.0,1,6722971643,BTCUSDT
1790707511231000000,TRADE,SELL,83632.0,1,6722971644,BTCUSDT
1790707511231000000,TRADE,SELL,83632.0,1,6722971645,BTCUSDT
1790707511231000000,TRADE,SELL,83632.0,1,6722971646,BTCUSDT
1790707511231000000,TRADE,SELL,83632.0,1,6722971647,BTCUSDT
1790707511231000000,TRADE,SELL,83631.99,1,6722971648,BTCUSDT
1790707511231000000,TRADE,SELL,83631.99,1,6722971649,BTCUSDT
1790707511231000000,TRADE,SELL,83631.99,1,6722971650,BTCUSDT
1790707511231000000,TRADE,SELL,83631.99,1,6722971651,BTCUSDT
1790707511231000000,TRADE,SELL,83631.99,1,6722971652,BTCUSDT
1790707511231000000,TRADE,SELL,83631.99,1,6722971653,BTCUSDT
1790707511231000000,TRADE,SELL,83631.99,1,6722971654,BTCUSDT
1790707511231000000,TRADE,SELL,83631.99,1,6722971655,BTCUSDT
1790707511231000000,TRADE,SELL,83631.98,1,6722971656,BTCUSDT
1790707511232000000,TRADE,SELL,83631.98,1,6722971657,BTCUSDT
1790707511232000000,TRADE,SELL,83630.01,1,6722971658,BTCUSDT
1790707511232000000,TRADE,SELL,83630.0,1,6722971659,BTCUSDT
1790707511232000000,TRADE,SELL,83630.0,1,6722971660,BTCUSDT
1790707511232000000,TRADE,SELL,83630.0,1,6722971661,BTCUSDT
1790707511232000000,TRADE,SELL,83630.0,1,6722971662,BTCUSDT
1790707511232000000,TRADE,SELL,83630.0,1,6722971663,BTCUSDT
1790707511232000000,TRADE,SELL,83629.62,1,6722971664,BTCUSDT
1790707511232000000,TRADE,SELL,83629.17,1,6722971665,BTCUSDT
1790707511234000000,TRADE,SELL,83628.55,1,6722971666,BTCUSDT
1790707511234000000,TRADE,SELL,83628.55,1,6722971667,BTCUSDT
1790707511234000000,TRADE,SELL,83628.5,1,6722971668,BTCUSDT
1790707511257000000,TRADE,BUY,83628.29,1,6722971669,BTCUSDT
1790707511257000000,TRADE,SELL,83628.28,1,6722971670,BTCUSDT
1790707511259000000,TRADE,SELL,83628.28,1,6722971671,BTCUSDT
1790707511276000000,TRADE,SELL,83628.28,1,6722971672,BTCUSDT
1790707511276000000,TRADE,SELL,83628.28,1,6722971673,BTCUSDT
1790707511276000000,TRADE,SELL,83628.28,1,6722971674,BTCUSDT
1790707511276000000,TRADE,SELL,83628.28,1,6722971675,BTCUSDT
1790707511276000000,TRADE,SELL,83628.28,1,6722971676,BTCUSDT
1790707511276000000,TRADE,SELL,83628.28,1,6722971677,BTCUSDT
1790707511276000000,TRADE,SELL,83628.28,1,6722971678,BTCUSDT
1790707511276000000,TRADE,SELL,83628.28,1,6722971679,BTCUSDT
1790707511276000000,TRADE,SELL,83628.28,1,6722971680,BTCUSDT
1790707511276000000,TRADE,SELL,83628.28,1,6722971681,BTCUSDT
1790707511276000000,TRADE,SELL,83628.28,1,6722971682,BTCUSDT
1790707511276000000,TRADE,SELL,83628.28,1,6722971683,BTCUSDT
1790707511276000000,TRADE,SELL,83628.28,1,6722971684,BTCUSDT
1790707511276000000,TRADE,SELL,83628.28,1,6722971685,BTCUSDT
1790707511276000000,TRADE,SELL,83628.27,1,6722971686,BTCUSDT
1790707511276000000,TRADE,SELL,83628.27,1,6722971687,BTCUSDT
1790707511276000000,TRADE,SELL,83628.27,1,6722971688,BTCUSDT
1790707511276000000,TRADE,SELL,83628.27,1,6722971689,BTCUSDT
1790707511276000000,TRADE,SELL,83628.27,1,6722971690,BTCUSDT
1790707511276000000,TRADE,SELL,83628.27,1,6722971691,BTCUSDT
1790707511276000000,TRADE,SELL,83628.27,1,6722971692,BTCUSDT
1790707511276000000,TRADE,SELL,83628.01,1,6722971693,BTCUSDT
1790707511635000000,TRADE,BUY,83628.01,5,6722971694,BTCUSDT
1790707511765000000,TRADE,SELL,83628.0,1,6722971695,BTCUSDT
1790707512404000000,TRADE,BUY,83628.01,1,6722971696,BTCUSDT
1790707512592000000,TRADE,BUY,83628.01,1,6722971697,BTCUSDT
1790707512800000000,TRADE,BUY,83628.01,1,6722971698,BTCUSDT
1790707512800000000,TRADE,BUY,83628.01,1,6722971699,BTCUSDT
1790707512929000000,TRADE,BUY,83628.01,1,6722971700,BTCUSDT
1790707513177000000,TRADE,BUY,83628.01,16,6722971701,BTCUSDT
1790707513177000000,TRADE,BUY,83628.01,1,6722971702,BTCUSDT
1790707513177000000,TRADE,BUY,83628.01,1,6722971703,BTCUSDT
1790707513177000000,TRADE,BUY,83628.01,1,6722971704,BTCUSDT
1790707513177000000,TRADE,BUY,83628.01,1,6722971705,BTCUSDT
1790707513177000000,TRADE,BUY,83628.01,1,6722971706,BTCUSDT
1790707513177000000,TRADE,BUY,83628.01,1,6722971707,BTCUSDT
1790707513177000000,TRADE,BUY,83628.01,1,6722971708,BTCUSDT
1790707513177000000,TRADE,BUY,83628.01,1,6722971709,BTCUSDT
1790707513177000000,TRADE,BUY,83628.01,1,6722971710,BTCUSDT
1790707513177000000,TRADE,BUY,83628.01,1,6722971711,BTCUSDT
1790707513177000000,TRADE,BUY,83628.01,1,6722971712,BTCUSDT
1790707513177000000,TRADE,BUY,83628.01,1,6722971713,BTCUSDT
1790707513177000000,TRADE,BUY,83628.01,1,6722971714,BTCUSDT
1790707513177000000,TRADE,BUY,83628.01,1,6722971715,BTCUSDT
1790707513177000000,TRADE,BUY,83628.01,1,6722971716,BTCUSDT
1790707513177000000,TRADE,BUY,83628.01,1,6722971717,BTCUSDT
1790707513177000000,TRADE,BUY,83628.01,1,6722971718,BTCUSDT
1790707513177000000,TRADE,BUY,83628.01,1,6722971719,BTCUSDT
1790707513177000000,TRADE,BUY,83628.01,1,6722971720,BTCUSDT
1790707513177000000,TRADE,BUY,83628.01,1,6722971721,BTCUSDT
1790707513177000000,TRADE,BUY,83628.01,1,6722971722,BTCUSDT
1790707513177000000,TRADE,BUY,83628.01,1,6722971723,BTCUSDT
1790707513177000000,TRADE,BUY,83628.01,1,6722971724,BTCUSDT
1790707513177000000,TRADE,BUY,83628.01,1,6722971725,BTCUSDT
1790707513177000000,TRADE,BUY,83628.01,1,6722971726,BTCUSDT
1790707513177000000,TRADE,BUY,83628.01,1,6722971727,BTCUSDT
1790707513177000000,TRADE,BUY,83628.01,1,6722971728,BTCUSDT
1790707513177000000,TRADE,BUY,83628.01,1,6722971729,BTCUSDT
1790707513177000000,TRADE,BUY,83628.01,1,6722971730,BTCUSDT
1790707513177000000,TRADE,BUY,83628.01,1,6722971731,BTCUSDT
1790707513177000000,TRADE,BUY,83628.01,1,6722971732,BTCUSDT
1790707513177000000,TRADE,BUY,83628.01,1,6722971733,BTCUSDT
1790707513177000000,TRADE,BUY,83628.01,1,6722971734,BTCUSDT
1790707513177000000,TRADE,BUY,83628.01,20,6722971735,BTCUSDT
1790707513177000000,TRADE,BUY,83628.01,1,6722971736,BTCUSDT
1790707513177000000,TRADE,BUY,83628.01,1,6722971737,BTCUSDT
1790707513177000000,TRADE,BUY,83628.01,1,6722971738,BTCUSDT
1790707513177000000,TRADE,BUY,83628.01,1,6722971739,BTCUSDT
1790707513177000000,TRADE,BUY,83628.01,1,6722971740,BTCUSDT
1790707513177000000,TRADE,BUY,83628.01,1,6722971741,BTCUSDT
1790707513177000000,TRADE,BUY,83628.01,1,6722971742,BTCUSDT
1790707513177000000,TRADE,BUY,83628.01,1,6722971743,BTCUSDT
1790707513177000000,TRADE,BUY,83628.01,1,6722971744,BTCUSDT
1790707513177000000,TRADE,BUY,83628.01,1,6722971745,BTCUSDT
1790707513177000000,TRADE,BUY,83628.01,1,6722971746,BTCUSDT
1790707513177000000,TRADE,BUY,83628.01,1,6722971747,BTCUSDT
1790707513177000000,TRADE,BUY,83628.01,1,6722971748,BTCUSDT
1790707513177000000,TRADE,BUY,83628.01,1,6722971749,BTCUSDT
1790707513177000000,TRADE,BUY,83628.01,1,6722971750,BTCUSDT
1790707513177000000,TRADE,BUY,83628.02,1,6722971751,BTCUSDT
1790707513177000000,TRADE,BUY,83628.02,1,6722971752,BTCUSDT
1790707513177000000,TRADE,BUY,83628.02,1,6722971753,BTCUSDT
1790707513177000000,TRADE,BUY,83628.02,1,6722971754,BTCUSDT
1790707513177000000,TRADE,BUY,83628.02,1,6722971755,BTCUSDT
1790707513177000000,TRADE,BUY,83628.02,1,6722971756,BTCUSDT
1790707513177000000,TRADE,BUY,83628.02,1,6722971757,BTCUSDT
1790707513177000000,TRADE,BUY,83628.02,1,6722971758,BTCUSDT
1790707513177000000,TRADE,BUY,83628.03,1,6722971759,BTCUSDT
1790707513177000000,TRADE,BUY,83628.28,1,6722971760,BTCUSDT
1790707513179000000,TRADE,BUY,83628.29,1,6722971761,BTCUSDT
1790707513179000000,TRADE,BUY,83628.29,1,6722971762,BTCUSDT
1790707513179000000,TRADE,BUY,83628.29,1,6722971763,BTCUSDT
1790707513179000000,TRADE,BUY,83628.29,1,6722971764,BTCUSDT
1790707513179000000,TRADE,BUY,83628.29,20,6722971765,BTCUSDT
1790707513179000000,TRADE,BUY,83628.29,1,6722971766,BTCUSDT
1790707513179000000,TRADE,BUY,83628.29,1,6722971767,BTCUSDT
1790707513179000000,TRADE,BUY,83628.29,8,6722971768,BTCUSDT
1790707513179000000,TRADE,BUY,83628.29,16,6722971769,BTCUSDT
1790707513179000000,TRADE,BUY,83628.29,1,6722971770,BTCUSDT
1790707513179000000,TRADE,BUY,83628.29,1,6722971771,BTCUSDT
1790707513179000000,TRADE,BUY,83628.29,1,6722971772,BTCUSDT
1790707513179000000,TRADE,BUY,83628.29,1,6722971773,BTCUSDT
1790707513179000000,TRADE,BUY,83628.29,1,6722971774,BTCUSDT
1790707513179000000,TRADE,BUY,83628.29,1,6722971775,BTCUSDT
1790707513179000000,TRADE,BUY,83628.29,1,6722971776,BTCUSDT
1790707513179000000,TRADE,BUY,83628.29,1,6722971777,BTCUSDT
1790707513179000000,TRADE,BUY,83628.29,1,6722971778,BTCUSDT
1790707513179000000,TRADE,BUY,83628.29,1,6722971779,BTCUSDT
1790707513179000000,TRADE,BUY,83628.3,1,6722971780,BTCUSDT
1790707513179000000,TRADE,BUY,83628.56,1,6722971781,BTCUSDT
1790707513179000000,TRADE,BUY,83628.56,1,6722971782,BTCUSDT
1790707513179000000,TRADE,BUY,83628.56,1,6722971783,BTCUSDT
1790707513179000000,TRADE,BUY,83628.78,1,6722971784,BTCUSDT
1790707513179000000,TRADE,BUY,83628.99,1,6722971785,BTCUSDT
1790707513179000000,TRADE,BUY,83629.0,6,6722971786,BTCUSDT
1790707513179000000,TRADE,BUY,83629.0,1,6722971787,BTCUSDT
1790707513179000000,TRADE,BUY,83629.0,1,6722971788,BTCUSDT
1790707513179000000,TRADE,BUY,83629.0,1,6722971789,BTCUSDT
1790707513179000000,TRADE,BUY,83629.0,1,6722971790,BTCUSDT
1790707513179000000,TRADE,BUY,83629.34,1,6722971791,BTCUSDT
1790707513179000000,TRADE,BUY,83629.35,2,6722971792,BTCUSDT
1790707513179000000,TRADE,BUY,83629.35,1,6722971793,BTCUSDT
1790707513179000000,TRADE,BUY,83629.35,1,6722971794,BTCUSDT
1790707513179000000,TRADE,BUY,83629.35,1,6722971795,BTCUSDT
1790707513179000000,TRADE,BUY,83629.35,1,6722971796,BTCUSDT
1790707513179000000,TRADE,BUY,83629.59,1,6722971797,BTCUSDT
1790707513179000000,TRADE,BUY,83629.82,1,6722971798,BTCUSDT
1790707513179000000,TRADE,BUY,83630.0,1,6722971799,BTCUSDT
1790707513179000000,TRADE,BUY,83630.01,1,6722971800,BTCUSDT
1790707513179000000,TRADE,BUY,83630.01,1,6722971801,BTCUSDT
1790707513179000000,TRADE,BUY,83630.01,1,6722971802,BTCUSDT
1790707513179000000,TRADE,BUY,83630.01,1,6722971803,BTCUSDT
1790707513179000000,TRADE,BUY,83630.24,1,6722971804,BTCUSDT
1790707513204000000,TRADE,BUY,83630.25,1,6722971805,BTCUSDT
1790707513204000000,TRADE,BUY,83630.25,1,6722971806,BTCUSDT
1790707513204000000,TRADE,BUY,83630.25,1,6722971807,BTCUSDT
1790707513204000000,TRADE,BUY,83630.25,1,6722971808,BTCUSDT
1790707513204000000,TRADE,BUY,83630.25,1,6722971809,BTCUSDT
1790707513204000000,TRADE,BUY,83630.25,1,6722971810,BTCUSDT
1790707513204000000,TRADE,BUY,83630.25,1,6722971811,BTCUSDT
1790707513204000000,TRADE,BUY,83630.25,1,6722971812,BTCUSDT
1790707513204000000,TRADE,BUY,83630.25,1,6722971813,BTCUSDT
1790707513204000000,TRADE,BUY,83630.25,1,6722971814,BTCUSDT
1790707513204000000,TRADE,BUY,83630.25,1,6722971815,BTCUSDT
1790707513204000000,TRADE,BUY,83630.25,1,6722971816,BTCUSDT
1790707513204000000,TRADE,BUY,83630.25,1,6722971817,BTCUSDT
1790707513204000000,TRADE,BUY,83630.25,1,6722971818,BTCUSDT
1790707513204000000,TRADE,BUY,83630.25,1,6722971819,BTCUSDT
1790707513204000000,TRADE,BUY,83630.25,1,6722971820,BTCUSDT
1790707513204000000,TRADE,BUY,83630.25,1,6722971821,BTCUSDT
1790707513204000000,TRADE,BUY,83630.25,1,6722971822,BTCUSDT
1790707513204000000,TRADE,BUY,83630.25,1,6722971823,BTCUSDT
1790707513204000000,TRADE,BUY,83630.25,1,6722971824,BTCUSDT
1790707513204000000,TRADE,BUY,83630.26,1,6722971825,BTCUSDT
1790707513204000000,TRADE,BUY,83630.26,1,6722971826,BTCUSDT
1790707513204000000,TRADE,BUY,83630.26,1,6722971827,BTCUSDT
1790707513204000000,TRADE,BUY,83630.26,1,6722971828,BTCUSDT
1790707513204000000,TRADE,BUY,83630.26,1,6722971829,BTCUSDT
1790707513204000000,TRADE,BUY,83630.26,1,6722971830,BTCUSDT
1790707513204000000,TRADE,BUY,83630.26,1,6722971831,BTCUSDT
1790707513204000000,TRADE,BUY,83630.42,1,6722971832,BTCUSDT
1790707513204000000,TRADE,BUY,83630.69,1,6722971833,BTCUSDT
1790707513204000000,TRADE,BUY,83630.69,1,6722971834,BTCUSDT
1790707513204000000,TRADE,BUY,83631.3,1,6722971835,BTCUSDT
1790707513204000000,TRADE,BUY,83631.99,1,6722971836,BTCUSDT
1790707513204000000,TRADE,BUY,83631.99,1,6722971837,BTCUSDT
1790707513204000000,TRADE,BUY,83631.99,1,6722971838,BTCUSDT
1790707513204000000,TRADE,BUY,83631.99,1,6722971839,BTCUSDT
1790707513207000000,TRADE,BUY,83632.0,1,6722971840,BTCUSDT
1790707513207000000,TRADE,BUY,83632.0,1,6722971841,BTCUSDT
1790707513207000000,TRADE,BUY,83632.0,20,6722971842,BTCUSDT
1790707513207000000,TRADE,BUY,83632.0,1,6722971843,BTCUSDT
1790707513207000000,TRADE,BUY,83632.0,1,6722971844,BTCUSDT
1790707513207000000,TRADE,BUY,83632.0,1,6722971845,BTCUSDT
1790707513231000000,TRADE,SELL,83632.0,1,6722971846,BTCUSDT
1790707513267000000,TRADE,BUY,83632.01,1,6722971847,BTCUSDT
1790707513267000000,TRADE,BUY,83632.01,1,6722971848,BTCUSDT
1790707513267000000,TRADE,BUY,83632.01,1,6722971849,BTCUSDT
1790707513267000000,TRADE,BUY,83632.01,1,6722971850,BTCUSDT
1790707513267000000,TRADE,BUY,83632.01,1,6722971851,BTCUSDT
1790707513267000000,TRADE,BUY,83632.01,1,6722971852,BTCUSDT
1790707513267000000,TRADE,BUY,83632.01,1,6722971853,BTCUSDT
1790707513267000000,TRADE,BUY,83632.01,1,6722971854,BTCUSDT
1790707513267000000,TRADE,BUY,83632.01,1,6722971855,BTCUSDT
1790707513267000000,TRADE,BUY,83632.01,1,6722971856,BTCUSDT
1790707513267000000,TRADE,BUY,83632.01,1,6722971857,BTCUSDT
1790707513267000000,TRADE,BUY,83632.01,1,6722971858,BTCUSDT
1790707513267000000,TRADE,BUY,83632.01,1,6722971859,BTCUSDT
1790707513267000000,TRADE,BUY,83632.01,1,6722971860,BTCUSDT
1790707513267000000,TRADE,BUY,83632.01,1,6722971861,BTCUSDT
1790707513267000000,TRADE,BUY,83632.01,1,6722971862,BTCUSDT
1790707513267000000,TRADE,BUY,83632.01,1,6722971863,BTCUSDT
1790707513267000000,TRADE,BUY,83632.01,1,6722971864,BTCUSDT
1790707513267000000,TRADE,BUY,83632.01,1,6722971865,BTCUSDT
1790707513267000000,TRADE,BUY,83632.01,1,6722971866,BTCUSDT
1790707513267000000,TRADE,BUY,83632.01,1,6722971867,BTCUSDT
1790707513267000000,TRADE,BUY,83632.01,1,6722971868,BTCUSDT
1790707513267000000,TRADE,BUY,83632.01,1,6722971869,BTCUSDT
1790707513267000000,TRADE,BUY,83632.01,1,6722971870,BTCUSDT
1790707513267000000,TRADE,BUY,83632.01,1,6722971871,BTCUSDT
1790707513267000000,TRADE,BUY,83632.01,1,6722971872,BTCUSDT
1790707513267000000,TRADE,BUY,83632.01,1,6722971873,BTCUSDT
1790707513267000000,TRADE,BUY,83632.01,1,6722971874,BTCUSDT
1790707513267000000,TRADE,BUY,83632.01,1,6722971875,BTCUSDT
1790707513267000000,TRADE,BUY,83632.01,1,6722971876,BTCUSDT
1790707513267000000,TRADE,BUY,83632.02,1,6722971877,BTCUSDT
1790707513267000000,TRADE,BUY,83632.02,1,6722971878,BTCUSDT
1790707513267000000,TRADE,BUY,83632.02,1,6722971879,BTCUSDT
1790707513267000000,TRADE,BUY,83632.02,1,6722971880,BTCUSDT
1790707513267000000,TRADE,BUY,83632.02,1,6722971881,BTCUSDT
1790707513267000000,TRADE,BUY,83632.02,1,6722971882,BTCUSDT
1790707513267000000,TRADE,BUY,83632.02,1,6722971883,BTCUSDT
1790707513267000000,TRADE,BUY,83632.56,1,6722971884,BTCUSDT
1790707513267000000,TRADE,BUY,83633.98,1,6722971885,BTCUSDT
1790707513267000000,TRADE,BUY,83633.98,1,6722971886,BTCUSDT
1790707513267000000,TRADE,BUY,83633.99,1,6722971887,BTCUSDT
1790707513267000000,TRADE,BUY,83633.99,1,6722971888,BTCUSDT
1790707513267000000,TRADE,BUY,83633.99,1,6722971889,BTCUSDT
1790707514016000000,TRADE,SELL,83633.99,8,6722971890,BTCUSDT
1790707514158000000,TRADE,BUY,83634.0,3,6722971891,BTCUSDT
1790707514838000000,TRADE,SELL,83633.99,4,6722971892,BTCUSDT
1790707514945000000,TRADE,BUY,83634.0,1,6722971893,BTCUSDT
1790707514990000000,TRADE,BUY,83634.0,8,6722971894,BTCUSDT
1790707514991000000,TRADE,BUY,83634.0,1,6722971895,BTCUSDT
1790707514991000000,TRADE,BUY,83634.0,2,6722971896,BTCUSDT
1790707514991000000,TRADE,BUY,83634.0,4,6722971897,BTCUSDT
1790707515096000000,TRADE,SELL,83633.99,1,6722971898,BTCUSDT
1790707515231000000,TRADE,SELL,83633.99,1,6722971899,BTCUSDT
1790707515269000000,TRADE,BUY,83634.0,1,6722971900,BTCUSDT
1790707515334000000,TRADE,SELL,83633.99,1,6722971901,BTCUSDT
1790707515458000000,TRADE,BUY,83634.0,1,6722971902,BTCUSDT
1790707515881000000,TRADE,SELL,83633.99,1,6722971903,BTCUSDT
1790707516039000000,TRADE,BUY,83634.0,9,6722971904,BTCUSDT
1790707516040000000,TRADE,BUY,83634.0,36,6722971905,BTCUSDT
1790707516040000000,TRADE,BUY,83634.0,1,6722971906,BTCUSDT
1790707516040000000,TRADE,BUY,83634.0,1,6722971907,BTCUSDT
1790707516040000000,TRADE,BUY,83634.0,1,6722971908,BTCUSDT
1790707516040000000,TRADE,BUY,83634.0,1,6722971909,BTCUSDT
1790707516040000000,TRADE,BUY,83634.0,1,6722971910,BTCUSDT
1790707516040000000,TRADE,BUY,83634.0,1,6722971911,BTCUSDT
1790707516040000000,TRADE,BUY,83634.0,1,6722971912,BTCUSDT
1790707516040000000,TRADE,BUY,83634.0,1,6722971913,BTCUSDT
1790707516040000000,TRADE,BUY,83634.0,1,6722971914,BTCUSDT
1790707516040000000,TRADE,BUY,83634.0,1,6722971915,BTCUSDT
1790707516040000000,TRADE,BUY,83634.0,1,6722971916,BTCUSDT
1790707516040000000,TRADE,BUY,83634.0,1,6722971917,BTCUSDT
1790707516040000000,TRADE,BUY,83634.0,1,6722971918,BTCUSDT
1790707516040000000,TRADE,BUY,83634.0,1,6722971919,BTCUSDT
1790707516040000000,TRADE,BUY,83634.0,1,6722971920,BTCUSDT
1790707516040000000,TRADE,BUY,83634.0,1,6722971921,BTCUSDT
1790707516040000000,TRADE,BUY,83634.0,1,6722971922,BTCUSDT
1790707516040000000,TRADE,BUY,83634.0,1,6722971923,BTCUSDT
1790707516040000000,TRADE,BUY,83634.0,1,6722971924,BTCUSDT
1790707516040000000,TRADE,BUY,83634.0,1,6722971925,BTCUSDT
1790707516040000000,TRADE,BUY,83634.0,1,6722971926,BTCUSDT
1790707516040000000,TRADE,BUY,83634.0,1,6722971927,BTCUSDT
1790707516040000000,TRADE,BUY,83634.0,1,6722971928,BTCUSDT
1790707516040000000,TRADE,BUY,83634.0,1,6722971929,BTCUSDT
1790707516040000000,TRADE,BUY,83634.0,1,6722971930,BTCUSDT
1790707516040000000,TRADE,BUY,83634.0,1,6722971931,BTCUSDT
1790707516040000000,TRADE,BUY,83634.0,1,6722971932,BTCUSDT
1790707516040000000,TRADE,BUY,83634.0,1,6722971933,BTCUSDT
1790707516040000000,TRADE,BUY,83634.0,1,6722971934,BTCUSDT
1790707516040000000,TRADE,BUY,83634.01,1,6722971935,BTCUSDT
1790707516040000000,TRADE,BUY,83634.01,1,6722971936,BTCUSDT
1790707516040000000,TRADE,BUY,83634.01,1,6722971937,BTCUSDT
1790707516040000000,TRADE,BUY,83634.01,1,6722971938,BTCUSDT
1790707516040000000,TRADE,BUY,83634.01,1,6722971939,BTCUSDT
1790707516040000000,TRADE,BUY,83634.01,1,6722971940,BTCUSDT
1790707516040000000,TRADE,BUY,83634.01,1,6722971941,BTCUSDT
1790707516040000000,TRADE,BUY,83634.01,1,6722971942,BTCUSDT
1790707516040000000,TRADE,BUY,83634.01,1,6722971943,BTCUSDT
1790707516040000000,TRADE,BUY,83634.01,1,6722971944,BTCUSDT
1790707516040000000,TRADE,BUY,83634.01,1,6722971945,BTCUSDT
1790707516040000000,TRADE,BUY,83634.01,2,6722971946,BTCUSDT
1790707516040000000,TRADE,BUY,83634.01,1,6722971947,BTCUSDT
1790707516040000000,TRADE,BUY,83634.01,1,6722971948,BTCUSDT
1790707516040000000,TRADE,BUY,83634.01,1,6722971949,BTCUSDT
1790707516040000000,TRADE,BUY,83634.01,1,6722971950,BTCUSDT
1790707516040000000,TRADE,BUY,83634.02,1,6722971951,BTCUSDT
1790707516040000000,TRADE,BUY,83634.11,1,6722971952,BTCUSDT
1790707516040000000,TRADE,BUY,83634.13,1,6722971953,BTCUSDT
1790707516040000000,TRADE,BUY,83634.13,1,6722971954,BTCUSDT
1790707516040000000,TRADE,BUY,83634.39,1,6722971955,BTCUSDT
1790707516040000000,TRADE,BUY,83634.4,14,6722971956,BTCUSDT
1790707516040000000,TRADE,BUY,83634.63,1,6722971957,BTCUSDT
1790707516040000000,TRADE,BUY,83634.63,1,6722971958,BTCUSDT
1790707516043000000,TRADE,BUY,83635.34,1,6722971959,BTCUSDT
1790707516043000000,TRADE,BUY,83635.34,1,6722971960,BTCUSDT
1790707516043000000,TRADE,BUY,83635.34,1,6722971961,BTCUSDT
1790707516043000000,TRADE,BUY,83635.34,1,6722971962,BTCUSDT
1790707516043000000,TRADE,BUY,83635.34,1,6722971963,BTCUSDT
1790707516043000000,TRADE,BUY,83635.34,1,6722971964,BTCUSDT
1790707516043000000,TRADE,BUY,83635.34,1,6722971965,BTCUSDT
1790707516043000000,TRADE,BUY,83635.37,1,6722971966,BTCUSDT
1790707516043000000,TRADE,BUY,83635.43,1,6722971967,BTCUSDT
1790707516043000000,TRADE,BUY,83635.84,1,6722971968,BTCUSDT
1790707516043000000,TRADE,BUY,83635.84,1,6722971969,BTCUSDT
1790707516043000000,TRADE,BUY,83636.0,1,6722971970,BTCUSDT
1790707516061000000,TRADE,BUY,83636.01,1,6722971971,BTCUSDT
1790707516063000000,TRADE,BUY,83636.01,1,6722971972,BTCUSDT
1790707516063000000,TRADE,BUY,83636.01,1,6722971973,BTCUSDT
1790707516063000000,TRADE,BUY,83636.01,1,6722971974,BTCUSDT
1790707516063000000,TRADE,BUY,83636.01,1,6722971975,BTCUSDT
1790707516063000000,TRADE,BUY,83636.01,1,6722971976,BTCUSDT
1790707516063000000,TRADE,BUY,83636.01,1,6722971977,BTCUSDT
1790707516063000000,TRADE,BUY,83636.01,1,6722971978,BTCUSDT
1790707516063000000,TRADE,BUY,83636.01,1,6722971979,BTCUSDT
1790707516063000000,TRADE,BUY,83636.01,1,6722971980,BTCUSDT
1790707516063000000,TRADE,BUY,83636.01,1,6722971981,BTCUSDT
1790707516063000000,TRADE,BUY,83636.01,1,6722971982,BTCUSDT
1790707516063000000,TRADE,BUY,83636.01,1,6722971983,BTCUSDT
1790707516063000000,TRADE,BUY,83636.01,1,6722971984,BTCUSDT
1790707516063000000,TRADE,BUY,83636.01,1,6722971985,BTCUSDT
1790707516063000000,TRADE,BUY,83636.01,1,6722971986,BTCUSDT
1790707516063000000,TRADE,BUY,83636.01,1,6722971987,BTCUSDT
1790707516063000000,TRADE,BUY,83636.01,1,6722971988,BTCUSDT
1790707516063000000,TRADE,BUY,83636.01,1,6722971989,BTCUSDT
1790707516063000000,TRADE,BUY,83636.01,1,6722971990,BTCUSDT
1790707516063000000,TRADE,BUY,83636.01,1,6722971991,BTCUSDT
1790707516063000000,TRADE,BUY,83636.01,1,6722971992,BTCUSDT
1790707516063000000,TRADE,BUY,83636.01,1,6722971993,BTCUSDT
1790707516063000000,TRADE,BUY,83636.01,1,6722971994,BTCUSDT
1790707516063000000,TRADE,BUY,83636.01,1,6722971995,BTCUSDT
1790707516063000000,TRADE,BUY,83636.01,1,6722971996,BTCUSDT
1790707516063000000,TRADE,BUY,83636.01,1,6722971997,BTCUSDT
1790707516063000000,TRADE,BUY,83636.02,1,6722971998,BTCUSDT
1790707516063000000,TRADE,BUY,83636.02,1,6722971999,BTCUSDT
1790707516063000000,TRADE,BUY,83636.02,1,6722972000,BTCUSDT
1790707516063000000,TRADE,BUY,83636.02,1,6722972001,BTCUSDT
1790707516063000000,TRADE,BUY,83636.02,1,6722972002,BTCUSDT
1790707516063000000,TRADE,BUY,83636.02,1,6722972003,BTCUSDT
1790707516063000000,TRADE,BUY,83636.02,1,6722972004,BTCUSDT
1790707516063000000,TRADE,BUY,83636.26,1,6722972005,BTCUSDT
1790707516063000000,TRADE,BUY,83636.63,1,6722972006,BTCUSDT
1790707516063000000,TRADE,BUY,83636.67,1,6722972007,BTCUSDT
1790707516063000000,TRADE,BUY,83636.68,2,6722972008,BTCUSDT
1790707516063000000,TRADE,BUY,83636.72,1,6722972009,BTCUSDT
1790707516063000000,TRADE,BUY,83637.93,1,6722972010,BTCUSDT
1790707516063000000,TRADE,BUY,83637.99,1,6722972011,BTCUSDT
1790707516063000000,TRADE,BUY,83637.99,1,6722972012,BTCUSDT
1790707516063000000,TRADE,BUY,83637.99,1,6722972013,BTCUSDT
1790707516063000000,TRADE,BUY,83637.99,1,6722972014,BTCUSDT
1790707516063000000,TRADE,BUY,83637.99,1,6722972015,BTCUSDT
1790707516063000000,TRADE,BUY,83638.0,1,6722972016,BTCUSDT
1790707517165000000,TRADE,BUY,83638.01,1,6722972017,BTCUSDT
1790707517190000000,TRADE,SELL,83638.0,1,6722972018,BTCUSDT
1790707517645000000,TRADE,SELL,83638.0,6,6722972019,BTCUSDT
1790707517812000000,TRADE,SELL,83638.0,1,6722972020,BTCUSDT
1790707518022000000,TRADE,SELL,83638.0,1,6722972021,BTCUSDT
1790707518297000000,TRADE,SELL,83638.0,9,6722972022,BTCUSDT
1790707518424000000,TRADE,BUY,83638.01,1,6722972023,BTCUSDT
1790707518424000000,TRADE,BUY,83638.01,1,6722972024,BTCUSDT
1790707518424000000,TRADE,BUY,83638.01,1,6722972025,BTCUSDT
1790707518424000000,TRADE,BUY,83638.01,1,6722972026,BTCUSDT
1790707518424000000,TRADE,BUY,83638.01,1,6722972027,BTCUSDT
1790707518424000000,TRADE,BUY,83638.01,1,6722972028,BTCUSDT
1790707518424000000,TRADE,BUY,83638.01,1,6722972029,BTCUSDT
1790707518424000000,TRADE,BUY,83638.01,1,6722972030,BTCUSDT
1790707518424000000,TRADE,BUY,83638.01,1,6722972031,BTCUSDT
1790707518424000000,TRADE,BUY,83638.01,1,6722972032,BTCUSDT
1790707518424000000,TRADE,BUY,83638.01,1,6722972033,BTCUSDT
1790707518424000000,TRADE,BUY,83638.01,1,6722972034,BTCUSDT
1790707518640000000,TRADE,SELL,83638.0,1,6722972035,BTCUSDT
1790707519076000000,TRADE,BUY,83638.01,1,6722972036,BTCUSDT
1790707519076000000,TRADE,BUY,83638.01,1,6722972037,BTCUSDT
1790707519076000000,TRADE,BUY,83638.01,1,6722972038,BTCUSDT
1790707519076000000,TRADE,BUY,83638.01,1,6722972039,BTCUSDT
1790707519076000000,TRADE,BUY,83638.01,1,6722972040,BTCUSDT
1790707519076000000,TRADE,BUY,83638.01,1,6722972041,BTCUSDT
1790707519076000000,TRADE,BUY,83638.01,1,6722972042,BTCUSDT
1790707519076000000,TRADE,BUY,83638.01,1,6722972043,BTCUSDT
1790707519076000000,TRADE,BUY,83638.01,1,6722972044,BTCUSDT
1790707519076000000,TRADE,BUY,83638.01,1,6722972045,BTCUSDT
1790707519076000000,TRADE,BUY,83638.01,1,6722972046,BTCUSDT
1790707519076000000,TRADE,BUY,83638.01,1,6722972047,BTCUSDT
1790707519076000000,TRADE,BUY,83638.01,1,6722972048,BTCUSDT
1790707519076000000,TRADE,BUY,83638.01,1,6722972049,BTCUSDT
1790707519076000000,TRADE,BUY,83638.01,1,6722972050,BTCUSDT
1790707519076000000,TRADE,BUY,83638.01,1,6722972051,BTCUSDT
1790707519076000000,TRADE,BUY,83638.01,1,6722972052,BTCUSDT
1790707519076000000,TRADE,BUY,83638.01,1,6722972053,BTCUSDT
1790707519076000000,TRADE,BUY,83638.01,1,6722972054,BTCUSDT
1790707519076000000,TRADE,BUY,83638.01,1,6722972055,BTCUSDT
1790707519076000000,TRADE,BUY,83638.01,1,6722972056,BTCUSDT
1790707519076000000,TRADE,BUY,83638.01,1,6722972057,BTCUSDT
1790707519076000000,TRADE,BUY,83638.02,1,6722972058,BTCUSDT
1790707519076000000,TRADE,BUY,83638.02,1,6722972059,BTCUSDT
1790707519076000000,TRADE,BUY,83638.02,1,6722972060,BTCUSDT
1790707519076000000,TRADE,BUY,83638.02,1,6722972061,BTCUSDT
1790707519076000000,TRADE,BUY,83638.02,1,6722972062,BTCUSDT
1790707519076000000,TRADE,BUY,83638.02,1,6722972063,BTCUSDT
1790707519076000000,TRADE,BUY,83638.02,1,6722972064,BTCUSDT
1790707519076000000,TRADE,BUY,83638.02,1,6722972065,BTCUSDT
1790707519076000000,TRADE,BUY,83638.03,1,6722972066,BTCUSDT
1790707519076000000,TRADE,BUY,83638.81,1,6722972067,BTCUSDT
1790707519076000000,TRADE,BUY,83638.81,1,6722972068,BTCUSDT
1790707519076000000,TRADE,BUY,83638.81,1,6722972069,BTCUSDT
1790707519076000000,TRADE,BUY,83638.81,1,6722972070,BTCUSDT
1790707519076000000,TRADE,BUY,83639.6,1,6722972071,BTCUSDT
1790707519076000000,TRADE,BUY,83639.62,1,6722972072,BTCUSDT
1790707519076000000,TRADE,BUY,83640.0,1,6722972073,BTCUSDT
1790707519156000000,TRADE,BUY,83640.01,1,6722972074,BTCUSDT
1790707519894000000,TRADE,SELL,83640.0,1,6722972075,BTCUSDT
1790707520154000000,TRADE,BUY,83640.01,1,6722972076,BTCUSDT
1790707520556000000,TRADE,BUY,83640.01,1,6722972077,BTCUSDT
1790707520556000000,TRADE,BUY,83640.01,1,6722972078,BTCUSDT
1790707520556000000,TRADE,BUY,83640.01,1,6722972079,BTCUSDT
1790707520556000000,TRADE,BUY,83640.01,1,6722972080,BTCUSDT
1790707520556000000,TRADE,BUY,83640.01,1,6722972081,BTCUSDT
1790707520556000000,TRADE,BUY,83640.01,1,6722972082,BTCUSDT
1790707520556000000,TRADE,BUY,83640.01,1,6722972083,BTCUSDT
1790707520556000000,TRADE,BUY,83640.01,1,6722972084,BTCUSDT
1790707520556000000,TRADE,BUY,83640.01,1,6722972085,BTCUSDT
1790707520556000000,TRADE,BUY,83640.01,1,6722972086,BTCUSDT
1790707520556000000,TRADE,BUY,83640.01,1,6722972087,BTCUSDT
1790707520556000000,TRADE,BUY,83640.01,1,6722972088,BTCUSDT
1790707520556000000,TRADE,BUY,83640.01,1,6722972089,BTCUSDT
1790707520556000000,TRADE,BUY,83640.01,1,6722972090,BTCUSDT
1790707520556000000,TRADE,BUY,83640.01,1,6722972091,BTCUSDT
1790707520556000000,TRADE,BUY,83640.01,1,6722972092,BTCUSDT
1790707520556000000,TRADE,BUY,83640.01,1,6722972093,BTCUSDT
1790707520556000000,TRADE,BUY,83640.01,1,6722972094,BTCUSDT
1790707520556000000,TRADE,BUY,83640.01,1,6722972095,BTCUSDT
1790707520556000000,TRADE,BUY,83640.01,1,6722972096,BTCUSDT
1790707520556000000,TRADE,BUY,83640.01,1,6722972097,BTCUSDT
1790707520556000000,TRADE,BUY,83640.01,1,6722972098,BTCUSDT
1790707520556000000,TRADE,BUY,83640.01,1,6722972099,BTCUSDT
1790707520556000000,TRADE,BUY,83640.01,1,6722972100,BTCUSDT
1790707520556000000,TRADE,BUY,83640.01,1,6722972101,BTCUSDT
1790707520556000000,TRADE,BUY,83640.01,1,6722972102,BTCUSDT
1790707520556000000,TRADE,BUY,83640.02,1,6722972103,BTCUSDT
1790707520556000000,TRADE,BUY,83640.02,1,6722972104,BTCUSDT
1790707520556000000,TRADE,BUY,83640.02,1,6722972105,BTCUSDT
1790707520556000000,TRADE,BUY,83640.02,1,6722972106,BTCUSDT
1790707520556000000,TRADE,BUY,83640.02,1,6722972107,BTCUSDT
1790707520556000000,TRADE,BUY,83640.02,1,6722972108,BTCUSDT
1790707520556000000,TRADE,BUY,83640.02,1,6722972109,BTCUSDT
1790707520556000000,TRADE,BUY,83640.02,1,6722972110,BTCUSDT
1790707520556000000,TRADE,BUY,83640.02,1,6722972111,BTCUSDT
1790707520556000000,TRADE,BUY,83640.02,1,6722972112,BTCUSDT
1790707520556000000,TRADE,BUY,83640.03,1,6722972113,BTCUSDT
1790707520556000000,TRADE,BUY,83640.96,1,6722972114,BTCUSDT
1790707520556000000,TRADE,BUY,83640.96,1,6722972115,BTCUSDT
1790707520556000000,TRADE,BUY,83641.98,1,6722972116,BTCUSDT
1790707520556000000,TRADE,BUY,83641.98,1,6722972117,BTCUSDT
1790707520556000000,TRADE,BUY,83641.99,1,6722972118,BTCUSDT
1790707521119000000,TRADE,BUY,83642.0,1,6722972119,BTCUSDT
1790707521746000000,TRADE,SELL,83641.99,1,6722972120,BTCUSDT
1790707521991000000,TRADE,BUY,83642.0,1,6722972121,BTCUSDT
1790707522487000000,TRADE,BUY,83642.0,1,6722972122,BTCUSDT
1790707522652000000,TRADE,SELL,83641.99,7,6722972123,BTCUSDT
1790707522720000000,TRADE,SELL,83641.99,1,6722972124,BTCUSDT
1790707522771000000,TRADE,SELL,83641.99,1,6722972125,BTCUSDT
1790707522870000000,TRADE,BUY,83642.0,1,6722972126,BTCUSDT
1790707523312000000,TRADE,SELL,83641.99,1,6722972127,BTCUSDT
1790707523489000000,TRADE,SELL,83641.99,1,6722972128,BTCUSDT
1790707523864000000,TRADE,SELL,83641.99,1,6722972129,BTCUSDT
1790707524066000000,TRADE,SELL,83641.99,1,6722972130,BTCUSDT
1790707524189000000,TRADE,BUY,83642.0,1,6722972131,BTCUSDT
1790707524263000000,TRADE,BUY,83642.0,47,6722972132,BTCUSDT
1790707524263000000,TRADE,BUY,83642.0,1,6722972133,BTCUSDT
1790707524263000000,TRADE,BUY,83642.0,1,6722972134,BTCUSDT
1790707524263000000,TRADE,BUY,83642.0,1,6722972135,BTCUSDT
1790707524263000000,TRADE,BUY,83642.0,1,6722972136,BTCUSDT
1790707524263000000,TRADE,BUY,83642.0,1,6722972137,BTCUSDT
1790707524263000000,TRADE,BUY,83642.0,1,6722972138,BTCUSDT
1790707524263000000,TRADE,BUY,83642.0,1,6722972139,BTCUSDT
1790707524263000000,TRADE,BUY,83642.0,1,6722972140,BTCUSDT
1790707524263000000,TRADE,BUY,83642.0,1,6722972141,BTCUSDT
1790707524263000000,TRADE,BUY,83642.0,1,6722972142,BTCUSDT
1790707524263000000,TRADE,BUY,83642.0,1,6722972143,BTCUSDT
1790707524263000000,TRADE,BUY,83642.0,1,6722972144,BTCUSDT
1790707524263000000,TRADE,BUY,83642.0,1,6722972145,BTCUSDT
1790707524263000000,TRADE,BUY,83642.0,1,6722972146,BTCUSDT
1790707524263000000,TRADE,BUY,83642.0,1,6722972147,BTCUSDT
1790707524263000000,TRADE,BUY,83642.0,1,6722972148,BTCUSDT
1790707524263000000,TRADE,BUY,83642.0,1,6722972149,BTCUSDT
1790707524263000000,TRADE,BUY,83642.0,1,6722972150,BTCUSDT
1790707524263000000,TRADE,BUY,83642.0,1,6722972151,BTCUSDT
1790707524263000000,TRADE,BUY,83642.0,1,6722972152,BTCUSDT
1790707524263000000,TRADE,BUY,83642.0,1,6722972153,BTCUSDT
1790707524263000000,TRADE,BUY,83642.0,1,6722972154,BTCUSDT
1790707524263000000,TRADE,BUY,83642.0,1,6722972155,BTCUSDT
1790707524263000000,TRADE,BUY,83642.0,1,6722972156,BTCUSDT
1790707524263000000,TRADE,BUY,83642.0,1,6722972157,BTCUSDT
1790707524263000000,TRADE,BUY,83642.0,1,6722972158,BTCUSDT
1790707524263000000,TRADE,BUY,83642.0,1,6722972159,BTCUSDT
1790707524263000000,TRADE,BUY,83642.0,1,6722972160,BTCUSDT
1790707524263000000,TRADE,BUY,83642.0,1,6722972161,BTCUSDT
1790707524265000000,TRADE,BUY,83642.01,1,6722972162,BTCUSDT
1790707524265000000,TRADE,BUY,83642.01,1,6722972163,BTCUSDT
1790707524265000000,TRADE,BUY,83642.01,1,6722972164,BTCUSDT
1790707524265000000,TRADE,BUY,83642.01,1,6722972165,BTCUSDT
1790707524265000000,TRADE,BUY,83642.01,1,6722972166,BTCUSDT
1790707524265000000,TRADE,BUY,83642.01,1,6722972167,BTCUSDT
1790707524265000000,TRADE,BUY,83642.01,1,6722972168,BTCUSDT
1790707524265000000,TRADE,BUY,83642.01,1,6722972169,BTCUSDT
1790707524265000000,TRADE,BUY,83642.01,1,6722972170,BTCUSDT
1790707524265000000,TRADE,BUY,83642.01,1,6722972171,BTCUSDT
1790707524265000000,TRADE,BUY,83642.01,1,6722972172,BTCUSDT
1790707524265000000,TRADE,BUY,83642.01,1,6722972173,BTCUSDT
1790707524265000000,TRADE,BUY,83642.01,1,6722972174,BTCUSDT
1790707524265000000,TRADE,BUY,83642.01,1,6722972175,BTCUSDT
1790707524265000000,TRADE,BUY,83642.01,1,6722972176,BTCUSDT
1790707524265000000,TRADE,BUY,83642.01,1,6722972177,BTCUSDT
1790707524265000000,TRADE,BUY,83642.02,1,6722972178,BTCUSDT
1790707524265000000,TRADE,BUY,83642.02,1,6722972179,BTCUSDT
1790707524265000000,TRADE,BUY,83642.37,1,6722972180,BTCUSDT
1790707524265000000,TRADE,BUY,83642.37,1,6722972181,BTCUSDT
1790707524265000000,TRADE,BUY,83643.0,1,6722972182,BTCUSDT
1790707524265000000,TRADE,BUY,83644.0,1,6722972183,BTCUSDT
1790707524265000000,TRADE,BUY,83644.01,1,6722972184,BTCUSDT
1790707524265000000,TRADE,BUY,83644.01,1,6722972185,BTCUSDT
1790707524265000000,TRADE,BUY,83644.01,1,6722972186,BTCUSDT
1790707524265000000,TRADE,BUY,83644.01,1,6722972187,BTCUSDT
1790707524265000000,TRADE,BUY,83644.01,1,6722972188,BTCUSDT
1790707524265000000,TRADE,BUY,83644.01,1,6722972189,BTCUSDT
1790707524265000000,TRADE,BUY,83644.08,1,6722972190,BTCUSDT
1790707524265000000,TRADE,BUY,83644.08,1,6722972191,BTCUSDT
1790707524265000000,TRADE,BUY,83644.08,1,6722972192,BTCUSDT
1790707524265000000,TRADE,BUY,83644.6,1,6722972193,BTCUSDT
1790707524265000000,TRADE,BUY,83645.41,1,6722972194,BTCUSDT
1790707524265000000,TRADE,BUY,83645.42,1,6722972195,BTCUSDT
1790707524265000000,TRADE,BUY,83645.81,1,6722972196,BTCUSDT
1790707524265000000,TRADE,BUY,83645.81,1,6722972197,BTCUSDT
1790707524265000000,TRADE,BUY,83645.9,1,6722972198,BTCUSDT
1790707524265000000,TRADE,BUY,83646.0,1,6722972199,BTCUSDT
1790707524265000000,TRADE,BUY,83646.0,1,6722972200,BTCUSDT
1790707524265000000,TRADE,BUY,83646.0,1,6722972201,BTCUSDT
1790707524267000000,TRADE,BUY,83646.01,1,6722972202,BTCUSDT
1790707524267000000,TRADE,BUY,83646.01,1,6722972203,BTCUSDT
1790707524268000000,TRADE,BUY,83646.01,1,6722972204,BTCUSDT
1790707524268000000,TRADE,BUY,83646.01,1,6722972205,BTCUSDT
1790707524268000000,TRADE,BUY,83646.01,1,6722972206,BTCUSDT
1790707524268000000,TRADE,BUY,83646.01,1,6722972207,BTCUSDT
1790707524268000000,TRADE,BUY,83646.01,1,6722972208,BTCUSDT
1790707524268000000,TRADE,BUY,83646.01,1,6722972209,BTCUSDT
1790707524268000000,TRADE,BUY,83646.01,1,6722972210,BTCUSDT
1790707524268000000,TRADE,BUY,83646.01,1,6722972211,BTCUSDT
1790707524268000000,TRADE,BUY,83646.01,1,6722972212,BTCUSDT
1790707524268000000,TRADE,BUY,83646.01,1,6722972213,BTCUSDT
1790707524268000000,TRADE,BUY,83646.01,1,6722972214,BTCUSDT
1790707524268000000,TRADE,BUY,83646.01,1,6722972215,BTCUSDT
1790707524268000000,TRADE,BUY,83646.01,1,6722972216,BTCUSDT
1790707524268000000,TRADE,BUY,83646.01,1,6722972217,BTCUSDT
1790707524268000000,TRADE,BUY,83646.01,1,6722972218,BTCUSDT
1790707524268000000,TRADE,BUY,83646.01,1,6722972219,BTCUSDT
1790707524268000000,TRADE,BUY,83646.01,1,6722972220,BTCUSDT
1790707524268000000,TRADE,BUY,83646.01,1,6722972221,BTCUSDT
1790707524268000000,TRADE,BUY,83646.01,1,6722972222,BTCUSDT
1790707524268000000,TRADE,BUY,83646.01,1,6722972223,BTCUSDT
1790707524268000000,TRADE,BUY,83646.01,1,6722972224,BTCUSDT
1790707524268000000,TRADE,BUY,83646.01,1,6722972225,BTCUSDT
1790707524268000000,TRADE,BUY,83646.01,1,6722972226,BTCUSDT
1790707524268000000,TRADE,BUY,83646.01,1,6722972227,BTCUSDT
1790707524268000000,TRADE,BUY,83646.01,1,6722972228,BTCUSDT
1790707524268000000,TRADE,BUY,83646.01,1,6722972229,BTCUSDT
1790707524268000000,TRADE,BUY,83646.02,1,6722972230,BTCUSDT
1790707524268000000,TRADE,BUY,83646.02,1,6722972231,BTCUSDT
1790707524268000000,TRADE,BUY,83646.02,1,6722972232,BTCUSDT
1790707524268000000,TRADE,BUY,83646.02,1,6722972233,BTCUSDT
1790707524268000000,TRADE,BUY,83646.38,1,6722972234,BTCUSDT
1790707524268000000,TRADE,BUY,83646.38,1,6722972235,BTCUSDT
1790707524268000000,TRADE,BUY,83646.75,1,6722972236,BTCUSDT
1790707524268000000,TRADE,BUY,83646.76,1,6722972237,BTCUSDT
1790707524268000000,TRADE,BUY,83646.79,1,6722972238,BTCUSDT
1790707524268000000,TRADE,BUY,83646.79,1,6722972239,BTCUSDT
1790707524268000000,TRADE,BUY,83646.79,1,6722972240,BTCUSDT
1790707524268000000,TRADE,BUY,83646.79,1,6722972241,BTCUSDT
1790707524268000000,TRADE,BUY,83647.16,1,6722972242,BTCUSDT
1790707524268000000,TRADE,BUY,83647.9,1,6722972243,BTCUSDT
1790707524268000000,TRADE,BUY,83647.99,1,6722972244,BTCUSDT
1790707524390000000,TRADE,BUY,83648.0,1,6722972245,BTCUSDT
1790707524391000000,TRADE,BUY,83648.0,1,6722972246,BTCUSDT
1790707524656000000,TRADE,SELL,83647.99,6,6722972247,BTCUSDT
1790707524943000000,TRADE,SELL,83647.99,1,6722972248,BTCUSDT
1790707525495000000,TRADE,SELL,83647.99,1,6722972249,BTCUSDT
1790707525679000000,TRADE,SELL,83647.99,1,6722972250,BTCUSDT
1790707525800000000,TRADE,BUY,83648.0,4,6722972251,BTCUSDT
1790707525800000000,TRADE,BUY,83648.0,2,6722972252,BTCUSDT
1790707525800000000,TRADE,BUY,83648.0,8,6722972253,BTCUSDT
1790707525800000000,TRADE,BUY,83648.0,1,6722972254,BTCUSDT
1790707525802000000,TRADE,BUY,83648.0,4,6722972255,BTCUSDT
1790707525802000000,TRADE,BUY,83648.0,1,6722972256,BTCUSDT
1790707525802000000,TRADE,BUY,83648.0,1,6722972257,BTCUSDT
1790707525802000000,TRADE,BUY,83648.0,1,6722972258,BTCUSDT
1790707525802000000,TRADE,BUY,83648.0,1,6722972259,BTCUSDT
1790707525802000000,TRADE,BUY,83648.0,1,6722972260,BTCUSDT
1790707525802000000,TRADE,BUY,83648.0,1,6722972261,BTCUSDT
1790707525802000000,TRADE,BUY,83648.0,1,6722972262,BTCUSDT
1790707525802000000,TRADE,BUY,83648.0,1,6722972263,BTCUSDT
1790707525802000000,TRADE,BUY,83648.0,1,6722972264,BTCUSDT
1790707525802000000,TRADE,BUY,83648.0,1,6722972265,BTCUSDT
1790707525802000000,TRADE,BUY,83648.0,1,6722972266,BTCUSDT
1790707525802000000,TRADE,BUY,83648.0,1,6722972267,BTCUSDT
1790707525802000000,TRADE,BUY,83648.0,1,6722972268,BTCUSDT
1790707525802000000,TRADE,BUY,83648.0,1,6722972269,BTCUSDT
1790707525802000000,TRADE,BUY,83648.0,1,6722972270,BTCUSDT
1790707525802000000,TRADE,BUY,83648.0,1,6722972271,BTCUSDT
1790707525802000000,TRADE,BUY,83648.01,1,6722972272,BTCUSDT
1790707525804000000,TRADE,BUY,83648.01,1,6722972273,BTCUSDT
1790707525804000000,TRADE,BUY,83648.01,1,6722972274,BTCUSDT
1790707525804000000,TRADE,BUY,83648.01,1,6722972275,BTCUSDT
1790707525804000000,TRADE,BUY,83648.01,1,6722972276,BTCUSDT
1790707525804000000,TRADE,BUY,83648.01,1,6722972277,BTCUSDT
1790707525804000000,TRADE,BUY,83648.01,1,6722972278,BTCUSDT
1790707525804000000,TRADE,BUY,83648.01,1,6722972279,BTCUSDT
1790707525804000000,TRADE,BUY,83648.01,1,6722972280,BTCUSDT
1790707525804000000,TRADE,BUY,83648.01,1,6722972281,BTCUSDT
1790707525804000000,TRADE,BUY,83648.01,1,6722972282,BTCUSDT
1790707525804000000,TRADE,BUY,83648.01,1,6722972283,BTCUSDT
1790707525804000000,TRADE,BUY,83648.01,1,6722972284,BTCUSDT
1790707525804000000,TRADE,BUY,83648.01,1,6722972285,BTCUSDT
1790707525804000000,TRADE,BUY,83648.01,1,6722972286,BTCUSDT
1790707525804000000,TRADE,BUY,83648.01,1,6722972287,BTCUSDT
1790707525804000000,TRADE,BUY,83648.01,1,6722972288,BTCUSDT
1790707525804000000,TRADE,BUY,83648.01,1,6722972289,BTCUSDT
1790707525804000000,TRADE,BUY,83648.01,1,6722972290,BTCUSDT
1790707525804000000,TRADE,BUY,83648.01,1,6722972291,BTCUSDT
1790707525804000000,TRADE,BUY,83648.02,1,6722972292,BTCUSDT
1790707525804000000,TRADE,BUY,83648.02,1,6722972293,BTCUSDT
1790707525804000000,TRADE,BUY,83648.1,1,6722972294,BTCUSDT
1790707525804000000,TRADE,BUY,83648.1,1,6722972295,BTCUSDT
1790707525804000000,TRADE,BUY,83648.25,1,6722972296,BTCUSDT
1790707525804000000,TRADE,BUY,83650.0,1,6722972297,BTCUSDT
1790707525880000000,TRADE,BUY,83650.01,1,6722972298,BTCUSDT
1790707525880000000,TRADE,BUY,83650.01,1,6722972299,BTCUSDT
1790707526239000000,TRADE,SELL,83650.0,1,6722972300,BTCUSDT
1790707526331000000,TRADE,SELL,83650.0,1,6722972301,BTCUSDT
1790707526509000000,TRADE,BUY,83650.01,1,6722972302,BTCUSDT
1790707526509000000,TRADE,BUY,83650.01,1,6722972303,BTCUSDT
1790707526509000000,TRADE,BUY,83650.01,1,6722972304,BTCUSDT
1790707526509000000,TRADE,BUY,83650.01,1,6722972305,BTCUSDT
1790707526509000000,TRADE,BUY,83650.01,1,6722972306,BTCUSDT
1790707526509000000,TRADE,BUY,83650.01,1,6722972307,BTCUSDT
1790707526509000000,TRADE,BUY,83650.01,1,6722972308,BTCUSDT
1790707526509000000,TRADE,BUY,83650.01,1,6722972309,BTCUSDT
1790707526509000000,TRADE,BUY,83650.01,1,6722972310,BTCUSDT
1790707526509000000,TRADE,BUY,83650.01,1,6722972311,BTCUSDT
1790707526509000000,TRADE,BUY,83650.01,1,6722972312,BTCUSDT
1790707526509000000,TRADE,BUY,83650.01,1,6722972313,BTCUSDT
1790707526509000000,TRADE,BUY,83650.01,1,6722972314,BTCUSDT
1790707526509000000,TRADE,BUY,83650.01,1,6722972315,BTCUSDT
1790707526509000000,TRADE,BUY,83650.01,1,6722972316,BTCUSDT
1790707526509000000,TRADE,BUY,83650.01,1,6722972317,BTCUSDT
1790707526509000000,TRADE,BUY,83650.01,1,6722972318,BTCUSDT
1790707526509000000,TRADE,BUY,83650.02,1,6722972319,BTCUSDT
1790707526509000000,TRADE,BUY,83650.02,1,6722972320,BTCUSDT
1790707526509000000,TRADE,BUY,83650.02,1,6722972321,BTCUSDT
1790707526509000000,TRADE,BUY,83650.02,1,6722972322,BTCUSDT
1790707526509000000,TRADE,BUY,83650.02,1,6722972323,BTCUSDT
1790707526509000000,TRADE,BUY,83650.02,1,6722972324,BTCUSDT
1790707526509000000,TRADE,BUY,83650.02,1,6722972325,BTCUSDT
1790707526509000000,TRADE,BUY,83650.37,1,6722972326,BTCUSDT
1790707526509000000,TRADE,BUY,83650.37,1,6722972327,BTCUSDT
1790707526509000000,TRADE,BUY,83652.0,1,6722972328,BTCUSDT
1790707526509000000,TRADE,BUY,83652.0,1,6722972329,BTCUSDT
1790707526509000000,TRADE,BUY,83652.0,1,6722972330,BTCUSDT
1790707527126000000,TRADE,BUY,83652.01,1,6722972331,BTCUSDT
1790707527129000000,TRADE,BUY,83652.01,1,6722972332,BTCUSDT
1790707527129000000,TRADE,BUY,83652.01,1,6722972333,BTCUSDT
1790707527129000000,TRADE,BUY,83652.01,1,6722972334,BTCUSDT
1790707527131000000,TRADE,BUY,83652.01,1,6722972335,BTCUSDT
1790707527131000000,TRADE,BUY,83652.01,1,6722972336,BTCUSDT
1790707527131000000,TRADE,BUY,83652.01,1,6722972337,BTCUSDT
1790707527131000000,TRADE,BUY,83652.01,1,6722972338,BTCUSDT
1790707527131000000,TRADE,BUY,83652.01,1,6722972339,BTCUSDT
1790707527131000000,TRADE,BUY,83652.01,1,6722972340,BTCUSDT
1790707527131000000,TRADE,BUY,83652.01,1,6722972341,BTCUSDT
1790707527131000000,TRADE,BUY,83652.01,1,6722972342,BTCUSDT
1790707527131000000,TRADE,BUY,83652.01,1,6722972343,BTCUSDT
1790707527131000000,TRADE,BUY,83652.01,1,6722972344,BTCUSDT
1790707527131000000,TRADE,BUY,83652.01,1,6722972345,BTCUSDT
1790707527131000000,TRADE,BUY,83652.01,1,6722972346,BTCUSDT
1790707527131000000,TRADE,BUY,83652.01,1,6722972347,BTCUSDT
1790707527131000000,TRADE,BUY,83652.01,1,6722972348,BTCUSDT
1790707527131000000,TRADE,BUY,83652.01,1,6722972349,BTCUSDT
1790707527131000000,TRADE,BUY,83652.01,1,6722972350,BTCUSDT
1790707527131000000,TRADE,BUY,83652.01,1,6722972351,BTCUSDT
1790707527131000000,TRADE,BUY,83652.01,1,6722972352,BTCUSDT
1790707527131000000,TRADE,BUY,83652.01,1,6722972353,BTCUSDT
1790707527131000000,TRADE,BUY,83652.01,1,6722972354,BTCUSDT
1790707527131000000,TRADE,BUY,83652.01,1,6722972355,BTCUSDT
1790707527131000000,TRADE,BUY,83652.01,1,6722972356,BTCUSDT
1790707527131000000,TRADE,BUY,83652.01,1,6722972357,BTCUSDT
1790707527131000000,TRADE,BUY,83652.01,1,6722972358,BTCUSDT
1790707527131000000,TRADE,BUY,83652.02,1,6722972359,BTCUSDT
1790707527131000000,TRADE,BUY,83652.02,1,6722972360,BTCUSDT
1790707527131000000,TRADE,BUY,83652.02,1,6722972361,BTCUSDT
1790707527131000000,TRADE,BUY,83652.02,1,6722972362,BTCUSDT
1790707527131000000,TRADE,BUY,83652.02,1,6722972363,BTCUSDT
1790707527131000000,TRADE,BUY,83652.02,1,6722972364,BTCUSDT
1790707527131000000,TRADE,BUY,83652.02,1,6722972365,BTCUSDT
1790707527131000000,TRADE,BUY,83652.02,1,6722972366,BTCUSDT
1790707527131000000,TRADE,BUY,83652.02,1,6722972367,BTCUSDT
1790707527131000000,TRADE,BUY,83652.03,1,6722972368,BTCUSDT
1790707527131000000,TRADE,BUY,83652.16,1,6722972369,BTCUSDT
1790707527131000000,TRADE,BUY,83652.16,1,6722972370,BTCUSDT
1790707527131000000,TRADE,BUY,83653.5,1,6722972371,BTCUSDT
1790707527131000000,TRADE,BUY,83654.0,1,6722972372,BTCUSDT
1790707527208000000,TRADE,BUY,83654.01,1,6722972373,BTCUSDT
1790707527208000000,TRADE,BUY,83654.01,1,6722972374,BTCUSDT
1790707527208000000,TRADE,BUY,83654.01,1,6722972375,BTCUSDT
1790707527208000000,TRADE,BUY,83654.01,1,6722972376,BTCUSDT
1790707527208000000,TRADE,BUY,83654.01,1,6722972377,BTCUSDT
1790707527208000000,TRADE,BUY,83654.01,1,6722972378,BTCUSDT
1790707527208000000,TRADE,BUY,83654.01,1,6722972379,BTCUSDT
1790707527208000000,TRADE,BUY,83654.01,1,6722972380,BTCUSDT
1790707527208000000,TRADE,BUY,83654.01,1,6722972381,BTCUSDT
1790707527208000000,TRADE,BUY,83654.01,1,6722972382,BTCUSDT
1790707527208000000,TRADE,BUY,83654.01,1,6722972383,BTCUSDT
1790707527208000000,TRADE,BUY,83654.01,1,6722972384,BTCUSDT
1790707527208000000,TRADE,BUY,83654.01,1,6722972385,BTCUSDT
1790707527208000000,TRADE,BUY,83654.01,1,6722972386,BTCUSDT
1790707527208000000,TRADE,BUY,83654.01,1,6722972387,BTCUSDT
1790707527208000000,TRADE,BUY,83654.01,1,6722972388,BTCUSDT
1790707527208000000,TRADE,BUY,83654.01,1,6722972389,BTCUSDT
1790707527208000000,TRADE,BUY,83654.01,1,6722972390,BTCUSDT
1790707527208000000,TRADE,BUY,83654.01,1,6722972391,BTCUSDT
1790707527208000000,TRADE,BUY,83654.01,1,6722972392,BTCUSDT
1790707527208000000,TRADE,BUY,83654.01,1,6722972393,BTCUSDT
1790707527208000000,TRADE,BUY,83654.02,1,6722972394,BTCUSDT
1790707527208000000,TRADE,BUY,83654.02,1,6722972395,BTCUSDT
1790707527208000000,TRADE,BUY,83654.02,1,6722972396,BTCUSDT
1790707527208000000,TRADE,BUY,83654.02,1,6722972397,BTCUSDT
1790707527208000000,TRADE,BUY,83654.02,1,6722972398,BTCUSDT
1790707527208000000,TRADE,BUY,83654.02,1,6722972399,BTCUSDT
1790707527208000000,TRADE,BUY,83654.02,1,6722972400,BTCUSDT
1790707527208000000,TRADE,BUY,83654.63,1,6722972401,BTCUSDT
1790707527208000000,TRADE,BUY,83654.63,1,6722972402,BTCUSDT
1790707527208000000,TRADE,BUY,83654.84,1,6722972403,BTCUSDT
1790707527208000000,TRADE,BUY,83654.84,1,6722972404,BTCUSDT
1790707527208000000,TRADE,BUY,83656.0,1,6722972405,BTCUSDT
1790707527208000000,TRADE,BUY,83656.01,1,6722972406,BTCUSDT
1790707527250000000,TRADE,BUY,83656.01,1,6722972407,BTCUSDT
1790707527250000000,TRADE,BUY,83656.01,1,6722972408,BTCUSDT
1790707527251000000,TRADE,BUY,83656.01,1,6722972409,BTCUSDT
1790707527251000000,TRADE,BUY,83656.01,1,6722972410,BTCUSDT
1790707527251000000,TRADE,BUY,83656.01,1,6722972411,BTCUSDT
1790707527251000000,TRADE,BUY,83656.01,1,6722972412,BTCUSDT
1790707527251000000,TRADE,BUY,83656.01,1,6722972413,BTCUSDT
1790707527251000000,TRADE,BUY,83656.01,1,6722972414,BTCUSDT
1790707527251000000,TRADE,BUY,83656.01,1,6722972415,BTCUSDT
1790707527251000000,TRADE,BUY,83656.01,1,6722972416,BTCUSDT
1790707527251000000,TRADE,BUY,83656.01,1,6722972417,BTCUSDT
1790707527251000000,TRADE,BUY,83656.01,1,6722972418,BTCUSDT
1790707527251000000,TRADE,BUY,83656.01,1,6722972419,BTCUSDT
1790707527251000000,TRADE,BUY,83656.01,1,6722972420,BTCUSDT
1790707527251000000,TRADE,BUY,83656.01,1,6722972421,BTCUSDT
1790707527251000000,TRADE,BUY,83656.01,1,6722972422,BTCUSDT
1790707527251000000,TRADE,BUY,83656.01,1,6722972423,BTCUSDT
1790707527251000000,TRADE,BUY,83656.01,1,6722972424,BTCUSDT
1790707527251000000,TRADE,BUY,83656.01,1,6722972425,BTCUSDT
1790707527251000000,TRADE,BUY,83656.01,1,6722972426,BTCUSDT
1790707527251000000,TRADE,BUY,83656.01,1,6722972427,BTCUSDT
1790707527251000000,TRADE,BUY,83656.01,1,6722972428,BTCUSDT
1790707527251000000,TRADE,BUY,83656.02,1,6722972429,BTCUSDT
1790707527251000000,TRADE,BUY,83656.02,1,6722972430,BTCUSDT
1790707527251000000,TRADE,BUY,83656.02,1,6722972431,BTCUSDT
1790707527251000000,TRADE,BUY,83656.02,1,6722972432,BTCUSDT
1790707527251000000,TRADE,BUY,83656.02,1,6722972433,BTCUSDT
1790707527251000000,TRADE,BUY,83656.02,1,6722972434,BTCUSDT
1790707527251000000,TRADE,BUY,83656.02,1,6722972435,BTCUSDT
1790707527253000000,TRADE,BUY,83657.65,1,6722972436,BTCUSDT
1790707527253000000,TRADE,BUY,83657.66,1,6722972437,BTCUSDT
1790707527253000000,TRADE,BUY,83657.66,1,6722972438,BTCUSDT
1790707527253000000,TRADE,BUY,83657.91,1,6722972439,BTCUSDT
1790707527253000000,TRADE,BUY,83657.91,1,6722972440,BTCUSDT
1790707527253000000,TRADE,BUY,83657.95,1,6722972441,BTCUSDT
1790707527253000000,TRADE,BUY,83658.0,1,6722972442,BTCUSDT
1790707527256000000,TRADE,BUY,83658.01,1,6722972443,BTCUSDT
1790707527256000000,TRADE,BUY,83658.01,1,6722972444,BTCUSDT
1790707527257000000,TRADE,BUY,83658.01,1,6722972445,BTCUSDT
1790707527257000000,TRADE,BUY,83658.01,1,6722972446,BTCUSDT
1790707527257000000,TRADE,BUY,83658.01,1,6722972447,BTCUSDT
1790707527257000000,TRADE,BUY,83658.01,1,6722972448,BTCUSDT
1790707527257000000,TRADE,BUY,83658.01,1,6722972449,BTCUSDT
1790707527257000000,TRADE,BUY,83658.01,1,6722972450,BTCUSDT
1790707527257000000,TRADE,BUY,83658.01,1,6722972451,BTCUSDT
1790707527257000000,TRADE,BUY,83658.01,1,6722972452,BTCUSDT
1790707527257000000,TRADE,BUY,83658.01,1,6722972453,BTCUSDT
1790707527257000000,TRADE,BUY,83658.01,1,6722972454,BTCUSDT
1790707527257000000,TRADE,BUY,83658.01,1,6722972455,BTCUSDT
1790707527257000000,TRADE,BUY,83658.75,1,6722972456,BTCUSDT
1790707527257000000,TRADE,BUY,83659.95,1,6722972457,BTCUSDT
1790707527257000000,TRADE,BUY,83659.95,1,6722972458,BTCUSDT
1790707527257000000,TRADE,BUY,83660.0,1,6722972459,BTCUSDT
1790707527257000000,TRADE,BUY,83660.01,1,6722972460,BTCUSDT
1790707527257000000,TRADE,BUY,83660.01,1,6722972461,BTCUSDT
1790707527258000000,TRADE,BUY,83660.01,1,6722972462,BTCUSDT
1790707527258000000,TRADE,BUY,83660.01,1,6722972463,BTCUSDT
1790707527258000000,TRADE,BUY,83660.01,1,6722972464,BTCUSDT
1790707527258000000,TRADE,BUY,83660.01,1,6722972465,BTCUSDT
1790707527259000000,TRADE,BUY,83660.01,1,6722972466,BTCUSDT
1790707527259000000,TRADE,BUY,83660.01,1,6722972467,BTCUSDT
1790707527261000000,TRADE,BUY,83660.01,1,6722972468,BTCUSDT
1790707527261000000,TRADE,BUY,83660.01,1,6722972469,BTCUSDT
1790707527261000000,TRADE,BUY,83660.01,1,6722972470,BTCUSDT
1790707527261000000,TRADE,BUY,83660.01,1,6722972471,BTCUSDT
1790707527261000000,TRADE,BUY,83660.01,1,6722972472,BTCUSDT
1790707527261000000,TRADE,BUY,83660.01,1,6722972473,BTCUSDT
1790707527261000000,TRADE,BUY,83660.01,1,6722972474,BTCUSDT
1790707527261000000,TRADE,BUY,83660.01,1,6722972475,BTCUSDT
1790707527261000000,TRADE,BUY,83660.01,1,6722972476,BTCUSDT
1790707527261000000,TRADE,BUY,83660.01,1,6722972477,BTCUSDT
1790707527261000000,TRADE,BUY,83660.01,1,6722972478,BTCUSDT
1790707527261000000,TRADE,BUY,83660.01,1,6722972479,BTCUSDT
1790707527261000000,TRADE,BUY,83660.02,1,6722972480,BTCUSDT
1790707527261000000,TRADE,BUY,83660.25,1,6722972481,BTCUSDT
1790707527261000000,TRADE,BUY,83660.25,1,6722972482,BTCUSDT
1790707527261000000,TRADE,BUY,83660.25,1,6722972483,BTCUSDT
1790707527261000000,TRADE,BUY,83660.25,1,6722972484,BTCUSDT
1790707527261000000,TRADE,BUY,83660.68,1,6722972485,BTCUSDT
1790707527261000000,TRADE,BUY,83662.0,1,6722972486,BTCUSDT
1790707527261000000,TRADE,BUY,83662.01,1,6722972487,BTCUSDT
1790707527515000000,TRADE,BUY,83662.01,1,6722972488,BTCUSDT
1790707527515000000,TRADE,BUY,83662.01,1,6722972489,BTCUSDT
1790707527515000000,TRADE,BUY,83662.01,1,6722972490,BTCUSDT
1790707527515000000,TRADE,BUY,83662.01,1,6722972491,BTCUSDT
1790707527515000000,TRADE,BUY,83662.01,1,6722972492,BTCUSDT
1790707527515000000,TRADE,BUY,83662.01,1,6722972493,BTCUSDT
1790707527515000000,TRADE,BUY,83662.01,1,6722972494,BTCUSDT
1790707527515000000,TRADE,BUY,83662.01,1,6722972495,BTCUSDT
1790707527515000000,TRADE,BUY,83662.01,1,6722972496,BTCUSDT
1790707527515000000,TRADE,BUY,83662.01,1,6722972497,BTCUSDT
1790707527515000000,TRADE,BUY,83662.01,1,6722972498,BTCUSDT
1790707527515000000,TRADE,BUY,83662.01,1,6722972499,BTCUSDT
1790707527515000000,TRADE,BUY,83662.01,1,6722972500,BTCUSDT
1790707527515000000,TRADE,BUY,83662.01,1,6722972501,BTCUSDT
1790707527515000000,TRADE,BUY,83662.01,1,6722972502,BTCUSDT
1790707527515000000,TRADE,BUY,83662.01,1,6722972503,BTCUSDT
1790707527515000000,TRADE,BUY,83662.01,1,6722972504,BTCUSDT
1790707527515000000,TRADE,BUY,83662.01,1,6722972505,BTCUSDT
1790707527515000000,TRADE,BUY,83662.01,1,6722972506,BTCUSDT
1790707527515000000,TRADE,BUY,83662.01,1,6722972507,BTCUSDT
1790707527515000000,TRADE,BUY,83662.01,1,6722972508,BTCUSDT
1790707527515000000,TRADE,BUY,83662.02,1,6722972509,BTCUSDT
1790707527515000000,TRADE,BUY,83662.02,1,6722972510,BTCUSDT
1790707527515000000,TRADE,BUY,83662.02,1,6722972511,BTCUSDT
1790707527515000000,TRADE,BUY,83662.02,1,6722972512,BTCUSDT
1790707527515000000,TRADE,BUY,83662.02,1,6722972513,BTCUSDT
1790707527515000000,TRADE,BUY,83662.02,1,6722972514,BTCUSDT
1790707527515000000,TRADE,BUY,83662.02,1,6722972515,BTCUSDT
1790707527515000000,TRADE,BUY,83662.02,1,6722972516,BTCUSDT
1790707527515000000,TRADE,BUY,83663.52,1,6722972517,BTCUSDT
1790707527515000000,TRADE,BUY,83663.53,1,6722972518,BTCUSDT
1790707527515000000,TRADE,BUY,83663.53,1,6722972519,BTCUSDT
1790707527515000000,TRADE,BUY,83664.0,1,6722972520,BTCUSDT
1790707527515000000,TRADE,BUY,83664.0,1,6722972521,BTCUSDT
1790707527992000000,TRADE,SELL,83664.0,1,6722972522,BTCUSDT
1790707528316000000,TRADE,BUY,83664.01,1,6722972523,BTCUSDT
1790707528473000000,TRADE,SELL,83664.0,14,6722972524,BTCUSDT
1790707528812000000,TRADE,BUY,83664.01,1,6722972525,BTCUSDT
1790707528902000000,TRADE,BUY,83664.01,1,6722972526,BTCUSDT
1790707528902000000,TRADE,BUY,83664.01,1,6722972527,BTCUSDT
1790707528902000000,TRADE,BUY,83664.01,1,6722972528,BTCUSDT
1790707528904000000,TRADE,BUY,83664.01,1,6722972529,BTCUSDT
1790707528905000000,TRADE,BUY,83664.01,1,6722972530,BTCUSDT
1790707528905000000,TRADE,BUY,83664.01,1,6722972531,BTCUSDT
1790707528905000000,TRADE,BUY,83664.01,1,6722972532,BTCUSDT
1790707528905000000,TRADE,BUY,83664.01,1,6722972533,BTCUSDT
1790707528905000000,TRADE,BUY,83664.01,1,6722972534,BTCUSDT
1790707528905000000,TRADE,BUY,83664.01,1,6722972535,BTCUSDT
1790707528905000000,TRADE,BUY,83664.01,1,6722972536,BTCUSDT
1790707528905000000,TRADE,BUY,83664.01,1,6722972537,BTCUSDT
1790707528905000000,TRADE,BUY,83664.01,1,6722972538,BTCUSDT
1790707528905000000,TRADE,BUY,83664.01,1,6722972539,BTCUSDT
1790707528905000000,TRADE,BUY,83664.01,1,6722972540,BTCUSDT
1790707528905000000,TRADE,BUY,83664.01,1,6722972541,BTCUSDT
1790707528905000000,TRADE,BUY,83664.01,1,6722972542,BTCUSDT
1790707528905000000,TRADE,BUY,83664.01,1,6722972543,BTCUSDT
1790707528905000000,TRADE,BUY,83664.01,1,6722972544,BTCUSDT
1790707528905000000,TRADE,BUY,83664.01,1,6722972545,BTCUSDT
1790707528905000000,TRADE,BUY,83664.01,1,6722972546,BTCUSDT
1790707528905000000,TRADE,BUY,83664.01,1,6722972547,BTCUSDT
1790707528905000000,TRADE,BUY,83664.01,1,6722972548,BTCUSDT
1790707528905000000,TRADE,BUY,83664.01,1,6722972549,BTCUSDT
1790707528905000000,TRADE,BUY,83664.01,1,6722972550,BTCUSDT
1790707528905000000,TRADE,BUY,83664.01,1,6722972551,BTCUSDT
1790707528905000000,TRADE,BUY,83664.01,1,6722972552,BTCUSDT
1790707528905000000,TRADE,BUY,83664.01,1,6722972553,BTCUSDT
1790707528905000000,TRADE,BUY,83664.01,1,6722972554,BTCUSDT
1790707528905000000,TRADE,BUY,83664.01,1,6722972555,BTCUSDT
1790707528905000000,TRADE,BUY,83664.02,1,6722972556,BTCUSDT
1790707528905000000,TRADE,BUY,83664.02,1,6722972557,BTCUSDT
1790707528905000000,TRADE,BUY,83664.02,1,6722972558,BTCUSDT
1790707528905000000,TRADE,BUY,83664.02,1,6722972559,BTCUSDT
1790707528905000000,TRADE,BUY,83664.02,1,6722972560,BTCUSDT
1790707528905000000,TRADE,BUY,83664.02,1,6722972561,BTCUSDT
1790707528905000000,TRADE,BUY,83664.02,1,6722972562,BTCUSDT
1790707528905000000,TRADE,BUY,83664.02,1,6722972563,BTCUSDT
1790707528905000000,TRADE,BUY,83664.02,1,6722972564,BTCUSDT
1790707528905000000,TRADE,BUY,83664.03,1,6722972565,BTCUSDT
1790707528905000000,TRADE,BUY,83664.63,1,6722972566,BTCUSDT
1790707528905000000,TRADE,BUY,83666.0,1,6722972567,BTCUSDT
1790707528905000000,TRADE,BUY,83666.0,1,6722972568,BTCUSDT
1790707528905000000,TRADE,BUY,83666.0,1,6722972569,BTCUSDT
1790707529502000000,TRADE,SELL,83666.0,1,6722972570,BTCUSDT
1790707529657000000,TRADE,SELL,83666.0,5,6722972571,BTCUSDT
1790707530111000000,TRADE,BUY,83666.01,1,6722972572,BTCUSDT
1790707530293000000,TRADE,BUY,83666.01,1,6722972573,BTCUSDT
1790707530293000000,TRADE,BUY,83666.01,1,6722972574,BTCUSDT
1790707530808000000,TRADE,SELL,83666.0,1,6722972575,BTCUSDT
1790707531659000000,TRADE,SELL,83666.0,1,6722972576,BTCUSDT
1790707531917000000,TRADE,SELL,83666.0,1,6722972577,BTCUSDT
1790707532014000000,TRADE,BUY,83666.01,1,6722972578,BTCUSDT
1790707532014000000,TRADE,BUY,83666.01,1,6722972579,BTCUSDT
1790707532168000000,TRADE,BUY,83666.01,1,6722972580,BTCUSDT
1790707532288000000,TRADE,BUY,83666.01,1,6722972581,BTCUSDT
1790707532426000000,TRADE,BUY,83666.01,1,6722972582,BTCUSDT
